~~~~~~~~time~~~~~~~~,temperature,humidity,humidex
2018-06-12 9:55,28.3,30.60%,29.3
2018-06-12 9:55,28.3,30.60%,29.3
2018-06-12 9:55,28.3,30.60%,29.3
2018-06-12 9:56,28.3,30.60%,29.3
2018-06-12 9:57,28.3,30.60%,29.3
2018-06-12 9:58,28.3,30.60%,29.3
2018-06-12 9:59,28.3,30.60%,29.3
2018-06-12 10:03,28.4,30.40%,29.4
2018-06-12 10:04,28.4,30.40%,29.4
2018-06-12 10:05,28.4,30.40%,29.4
2018-06-12 10:05,28.4,30.40%,29.4
2018-06-12 10:07,28.4,30.40%,29.4
2018-06-12 10:09,28.4,30.40%,29.4
2018-06-12 10:11,28.4,30.40%,29.4
2018-06-12 10:13,28.4,30.40%,29.4
2018-06-12 10:15,28.4,30.40%,29.4
2018-06-12 10:17,28.4,30.40%,29.4
2018-06-12 10:19,28.4,30.40%,29.4
2018-06-12 10:21,28.4,30.40%,29.4
2018-06-12 10:23,28.4,30.40%,29.4
2018-06-12 10:25,28.4,30.40%,29.4
2018-06-12 10:27,28.4,30.40%,29.4
2018-06-12 10:29,28.4,30.40%,29.4
2018-06-12 10:31,28.4,30.40%,29.4
2018-06-12 10:33,28.4,30.40%,29.4
2018-06-12 10:35,28.4,30.40%,29.4
2018-06-12 10:37,28.4,30.40%,29.4
2018-06-12 10:39,28.4,30.40%,29.4
2018-06-12 10:41,28.4,30.40%,29.4
2018-06-12 10:43,28.4,30.40%,29.4
2018-06-12 10:45,28.4,30.50%,29.4
2018-06-12 11:14,29.2,29.90%,30.4
2018-06-12 11:19,29.2,29.90%,30.4
2018-06-12 11:24,29.2,29.90%,30.4
2018-06-12 11:29,29.2,29.90%,30.4
2018-06-12 11:34,29.2,29.90%,30.4
2018-06-12 11:39,29.2,29.90%,30.4
2018-06-12 11:44,29.2,29.90%,30.4
2018-06-12 11:49,29.2,29.90%,30.4
2018-06-12 11:54,29.2,29.90%,30.4
2018-06-12 11:59,29.2,29.90%,30.4
2018-06-12 12:04,29.2,29.90%,30.4
2018-06-12 12:09,29.2,29.90%,30.4
2018-06-12 12:14,29.2,29.90%,30.4
2018-06-12 12:19,29.2,29.90%,30.4
2018-06-12 12:24,29.2,29.90%,30.4
2018-06-12 12:29,29.2,29.90%,30.4
2018-06-12 12:34,29.2,29.90%,30.4
2018-06-12 12:50,29.2,29.50%,30.3
2018-06-12 12:55,29.2,29.50%,30.3
2018-06-12 13:00,29.2,29.50%,30.3
2018-06-12 13:05,29.2,29.40%,30.3
2018-06-12 13:10,29.2,29.40%,30.3
2018-06-12 13:15,29.2,29.40%,30.3
2018-06-12 13:20,29.2,29.40%,30.3
2018-06-12 13:25,29.2,29.50%,30.3
2018-06-12 13:30,29.2,29.40%,30.3
2018-06-12 13:35,29.2,29.40%,30.3
2018-06-12 13:40,29.2,29.40%,30.3
2018-06-12 13:45,29.2,29.40%,30.3
2018-06-12 13:50,29.7,28.30%,30.7
2018-06-12 13:55,29.7,28.30%,30.7
2018-06-12 14:00,29.7,28.30%,30.7
2018-06-12 14:05,29.7,28.30%,30.7
2018-06-12 14:10,29.7,28.30%,30.7
2018-06-12 14:15,29.7,28.30%,30.7
2018-06-12 14:20,29.7,28.30%,30.7
2018-06-12 14:25,29.7,28.30%,30.7
2018-06-12 14:30,29.7,28.30%,30.7
2018-06-12 14:35,29.7,28.30%,30.7
2018-06-12 14:40,29.7,28.30%,30.7
2018-06-12 14:45,29.7,28.30%,30.7
2018-06-12 14:50,29.7,28.30%,30.7
2018-06-12 14:55,29.7,28.30%,30.7
2018-06-12 15:00,29.6,28.20%,30.5
2018-06-12 15:05,29.7,28.30%,30.7
2018-06-12 15:10,29.7,28.30%,30.7
2018-06-12 15:15,29.7,28.30%,30.7
2018-06-12 15:20,29.7,28.30%,30.7
2018-06-12 15:25,29.7,28.30%,30.7
2018-06-12 15:30,29.7,28.30%,30.7
2018-06-12 15:35,29.7,28.30%,30.7
2018-06-12 15:40,29.7,28.30%,30.7
2018-06-12 15:45,29.7,28.30%,30.7
2018-06-12 15:50,29.7,28.30%,30.7
2018-06-12 15:55,29.7,28.30%,30.7
2018-06-12 16:00,29.7,28.30%,30.7
2018-06-12 16:05,29.6,28.20%,30.5
2018-06-12 16:10,29.7,28.30%,30.7
2018-06-12 16:15,29.7,28.30%,30.7
2018-06-12 16:20,29.7,28.30%,30.7
2018-06-12 16:25,29.7,28.30%,30.7
2018-06-12 16:30,29.7,28.30%,30.7
2018-06-12 16:35,29.7,28.30%,30.7
2018-06-12 16:40,29.7,28.30%,30.7
2018-06-12 16:45,29.7,28.30%,30.7
2018-06-12 16:50,29.7,28.30%,30.7
2018-06-12 16:55,29.7,28.30%,30.7
2018-06-12 17:00,29.7,28.30%,30.7
2018-06-12 17:05,29.7,28.30%,30.7
2018-06-12 17:10,29.7,28.30%,30.7
2018-06-12 17:15,29.7,28.30%,30.7
2018-06-12 17:20,29.7,28.30%,30.7
2018-06-12 17:25,29.7,28.30%,30.7
2018-06-12 17:30,29.7,28.30%,30.7
2018-06-12 17:35,29.7,28.30%,30.7
2018-06-12 17:40,29.7,28.30%,30.7
2018-06-12 17:45,29.7,28.30%,30.7
2018-06-12 17:50,29.7,28.30%,30.7
2018-06-12 17:55,29.7,28.30%,30.7
2018-06-12 18:00,29.7,28.30%,30.7
2018-06-12 18:05,29.7,28.30%,30.7
2018-06-12 18:10,29.7,28.30%,30.7
2018-06-12 18:15,29.7,28.30%,30.7
2018-06-12 18:20,29.7,28.30%,30.7
2018-06-12 18:25,29.7,28.30%,30.7
2018-06-12 18:30,29.7,28.30%,30.7
2018-06-12 18:35,29.7,28.30%,30.7
2018-06-12 18:40,29.7,28.30%,30.7
2018-06-12 18:45,29.7,28.30%,30.7
2018-06-12 18:50,29.7,28.30%,30.7
2018-06-12 18:55,29.7,28.30%,30.7
2018-06-12 19:00,29.7,28.30%,30.7
2018-06-12 19:05,29.7,28.30%,30.7
2018-06-12 19:10,29.7,28.30%,30.7
2018-06-12 19:15,29.6,28.30%,30.6
2018-06-12 19:20,29.7,28.30%,30.7
2018-06-12 19:25,29.7,28.30%,30.7
2018-06-12 19:30,29.7,28.30%,30.7
2018-06-12 19:35,29.7,28.30%,30.7
2018-06-12 19:40,29.7,28.30%,30.7
2018-06-12 19:45,29.7,28.30%,30.7
2018-06-12 19:50,29.7,28.30%,30.7
2018-06-12 19:55,29.7,28.30%,30.7
2018-06-12 20:00,29.7,28.30%,30.7
2018-06-12 20:05,29.6,28.30%,30.6
2018-06-12 20:10,29.7,28.30%,30.7
2018-06-12 20:15,29.7,28.30%,30.7
2018-06-12 20:20,29.7,28.30%,30.7
2018-06-12 20:25,29.7,28.30%,30.7
2018-06-12 20:30,29.7,28.30%,30.7
2018-06-12 20:35,29.7,28.30%,30.7
2018-06-12 20:40,29.7,28.30%,30.7
2018-06-12 20:44,30.3,29.70%,31.9
2018-06-12 20:49,30.4,29.70%,32
2018-06-12 20:59,30.3,29.60%,31.9
2018-06-12 21:04,30.4,29.70%,32
2018-06-12 21:05,30.3,29.60%,31.9
2018-06-12 21:34,30.4,29.70%,32
2018-06-12 21:58,30.3,29.60%,31.9
2018-06-13 1:44,nan,nan%,nan
2018-06-13 1:45,30.3,29.70%,31.9
2018-06-13 2:11,30.4,29.60%,32
2018-06-13 4:22,30.3,29.70%,31.9
2018-06-13 5:38,30.2,29.60%,31.7
2018-06-13 5:39,30.3,29.70%,31.9
2018-06-13 9:09,29.4,34.40%,31.7
2018-06-13 9:10,29.4,34.40%,31.7
2018/06/13 10:43:06,30.0,35.3%,32.8
2018/06/13 10:58:41,30.1,35.9%,33.1
2018/06/13 11:03:51,30.1,36.0%,33.1
2018/06/13 11:08:51,30.1,36.0%,33.1
2018/06/13 11:13:51,30.1,36.0%,33.1
2018/06/13 11:18:51,30.1,36.0%,33.1
2018/06/13 14:14:31,30.0,39.2%,33.7
2018/06/13 14:16:25,30.0,39.2%,33.7
2018/06/13 14:19:10,30.0,39.2%,33.7
2018/06/13 14:24:10,30.0,39.3%,33.8
2018/06/13 14:29:10,30.0,39.2%,33.7
2018/06/13 14:34:10,30.0,39.2%,33.7
2018/06/13 14:39:10,30.0,39.2%,33.7
2018/06/13 14:44:10,30.0,39.2%,33.7
2018/06/13 14:49:10,30.0,39.2%,33.7
2018/06/13 14:54:10,30.0,39.2%,33.7
2018/06/13 14:59:10,30.0,39.2%,33.7
2018/06/13 15:04:10,30.0,39.2%,33.7
2018/06/13 15:09:10,30.0,39.2%,33.7
2018/06/13 15:14:11,30.0,39.2%,33.7
2018/06/13 15:19:11,30.0,39.2%,33.7
2018/06/13 15:24:11,30.0,39.3%,33.8
2018/06/13 15:29:11,30.0,39.3%,33.8
2018/06/13 15:34:11,30.0,39.3%,33.8
2018/06/13 15:39:11,30.0,39.3%,33.8
2018/06/13 15:44:11,30.0,39.2%,33.7
2018/06/13 15:49:11,30.0,39.3%,33.8
2018/06/13 15:54:11,30.0,39.2%,33.7
2018/06/13 15:59:11,30.0,39.2%,33.7
2018/06/13 16:04:11,30.0,39.2%,33.7
2018/06/13 16:09:11,30.1,39.3%,33.9
2018/06/13 16:14:11,30.0,39.2%,33.7
2018/06/13 16:19:11,30.0,39.3%,33.8
2018/06/13 16:24:11,30.0,39.3%,33.8
2018/06/13 16:29:11,30.0,39.3%,33.8
2018/06/13 16:34:11,30.0,39.3%,33.8
2018/06/13 16:39:11,30.0,39.3%,33.8
2018/06/13 16:44:11,30.0,39.3%,33.8
2018/06/13 16:49:11,30.0,39.3%,33.8
2018/06/13 16:54:11,30.0,39.2%,33.7
2018/06/13 16:59:11,30.0,39.3%,33.8
2018/06/13 17:04:11,30.0,39.3%,33.8
2018/06/13 17:09:11,30.0,39.2%,33.7
2018/06/13 17:14:11,30.0,39.3%,33.8
2018/06/13 17:19:11,30.0,39.3%,33.8
2018/06/13 17:24:12,30.0,39.3%,33.8
2018/06/13 17:29:12,30.0,39.3%,33.8
2018/06/13 17:34:12,30.0,39.3%,33.8
2018/06/13 17:39:12,30.0,39.3%,33.8
2018/06/14 08:04:07,23.5,41.5%,24.6
2018/06/14 08:09:07,23.5,41.5%,24.6
2018/06/14 08:14:07,23.5,41.5%,24.6
2018/06/14 08:19:07,23.5,41.5%,24.6
2018/06/14 08:24:07,23.6,41.6%,24.8
2018/06/14 08:29:07,23.5,41.5%,24.6
2018/06/14 08:34:07,23.5,41.5%,24.6
2018/06/14 08:39:07,23.6,41.6%,24.8
2018/06/14 08:44:07,23.5,41.5%,24.6
2018/06/14 08:49:07,23.6,41.6%,24.8
2018/06/14 08:54:07,23.6,41.6%,24.8
2018/06/14 08:59:07,23.6,41.6%,24.8
2018/06/14 09:04:07,23.6,41.6%,24.8
2018/06/14 09:09:07,23.6,41.6%,24.8
2018/06/14 09:14:07,23.6,41.6%,24.8
2018/06/14 13:05:14,27.7,33.6%,29.1
2018/06/14 13:10:14,27.7,33.6%,29.1
2018/06/14 13:15:14,27.7,33.5%,29.1
2018/06/14 13:20:15,27.7,33.5%,29.1
2018/06/14 13:25:15,27.7,33.5%,29.1
2018/06/14 13:30:15,27.7,33.5%,29.1
2018/06/14 13:35:15,27.7,33.5%,29.1
2018/06/14 13:40:15,27.6,33.4%,28.9
2018/06/14 13:45:15,27.7,33.5%,29.1
2018/06/14 13:48:05,28.3,32.4%,29.7
2018/06/14 13:53:05,28.3,32.4%,29.7
2018/06/14 13:58:05,28.3,32.4%,29.7
2018/06/14 14:03:05,28.3,32.4%,29.7
2018/06/14 14:08:05,28.3,32.4%,29.7
2018/06/14 14:13:05,28.3,32.4%,29.7
2018/06/14 14:18:05,28.3,32.4%,29.7
2018/06/14 14:23:05,28.3,32.4%,29.7
2018/06/14 14:28:05,28.3,32.4%,29.7
2018/06/14 14:33:05,28.3,32.4%,29.7
2018/06/14 14:38:05,28.3,32.4%,29.7
2018/06/14 14:43:05,28.3,32.4%,29.7
2018/06/14 14:48:05,28.3,32.4%,29.7
2018/06/14 14:53:05,28.3,32.4%,29.7
2018/06/14 14:58:05,28.3,32.4%,29.7
2018/06/14 15:03:05,28.3,32.4%,29.7
2018/06/14 15:08:05,28.3,32.4%,29.7
2018/06/14 15:13:05,28.3,32.4%,29.7
2018/06/14 15:18:05,28.3,32.4%,29.7
2018/06/14 15:23:05,28.3,32.4%,29.7
2018/06/14 15:28:05,28.3,32.4%,29.7
2018/06/14 15:33:05,28.4,32.4%,29.8
2018/06/14 15:38:05,28.3,32.4%,29.7
2018/06/14 15:43:06,28.3,32.4%,29.7
2018/06/14 15:48:06,28.3,32.4%,29.7
2018/06/14 15:53:06,28.3,32.4%,29.7
2018/06/14 15:58:06,28.3,32.4%,29.7
2018/06/14 16:03:06,28.3,32.4%,29.7
2018/06/14 16:08:06,28.3,32.4%,29.7
2018/06/14 16:13:06,28.3,32.4%,29.7
2018/06/14 16:18:06,28.4,32.4%,29.8
2018/06/14 16:23:06,28.3,32.4%,29.7
2018/06/14 16:28:06,28.3,32.4%,29.7
2018/06/14 16:33:06,28.3,32.3%,29.7
2018/06/14 16:38:06,28.3,32.4%,29.7
2018/06/14 16:43:06,28.3,32.4%,29.7
2018/06/14 16:48:06,28.4,32.4%,29.8
2018/06/14 16:53:06,28.3,32.4%,29.7
2018/06/14 16:58:06,28.3,32.4%,29.7
2018/06/14 17:03:06,28.4,32.4%,29.8
2018/06/14 17:08:06,28.4,32.4%,29.8
2018/06/14 17:13:06,28.4,32.4%,29.8
2018/06/14 17:18:06,28.3,32.4%,29.7
2018/06/14 17:23:06,28.4,32.4%,29.8
2018/06/14 17:28:06,28.4,32.4%,29.8
2018/06/14 17:33:06,28.3,32.4%,29.7
2018/06/14 17:38:06,28.4,32.4%,29.8
2018/06/14 17:43:06,28.3,32.3%,29.7
2018/06/14 17:48:07,28.3,32.3%,29.7
2018/06/14 17:53:07,28.4,32.4%,29.8
2018/06/14 17:58:07,28.4,32.4%,29.8
2018/06/14 18:03:07,28.4,32.3%,29.8
2018/06/14 18:08:07,28.3,32.3%,29.7
2018/06/14 18:13:07,28.4,32.3%,29.8
2018/06/14 18:18:07,28.4,32.3%,29.8
2018/06/14 18:23:07,28.4,32.3%,29.8
2018/06/14 18:28:07,28.4,32.3%,29.8
2018/06/14 18:33:07,28.3,32.3%,29.7
2018/06/14 18:38:07,28.4,32.4%,29.8
2018/06/14 18:43:07,28.4,32.3%,29.8
2018/06/14 18:48:07,28.4,32.3%,29.8
2018/06/14 18:53:07,28.3,32.3%,29.7
2018/06/14 18:58:07,28.3,32.3%,29.7
2018/06/14 19:03:07,28.4,32.3%,29.8
2018/06/14 19:08:07,28.3,32.3%,29.7
2018/06/14 19:13:07,28.4,32.3%,29.8
2018/06/14 19:18:07,28.4,32.4%,29.8
2018/06/14 19:23:07,28.3,32.5%,29.7
2018/06/14 19:28:07,28.3,32.5%,29.7
2018/06/14 19:33:07,28.3,32.5%,29.7
2018/06/14 19:38:07,28.3,32.5%,29.7
2018/06/14 19:43:07,28.4,32.6%,29.9
2018/06/14 19:48:07,28.3,32.6%,29.7
2018/06/14 23:38:05,25.0,39.4%,26.4
2018/06/14 23:42:18,24.9,39.5%,26.3
2018/06/14 23:47:18,24.9,39.5%,26.3
2018/06/14 23:52:18,24.9,39.5%,26.3
2018/06/14 23:57:18,24.8,39.4%,26.1
2018/06/15 00:02:18,24.9,39.5%,26.3
2018/06/15 00:07:18,24.9,39.5%,26.3
2018/06/15 00:12:18,24.9,39.5%,26.3
2018/06/15 00:17:18,24.8,39.4%,26.1
2018/06/15 00:22:18,24.9,39.5%,26.3
2018/06/15 00:27:18,24.8,39.4%,26.1
2018/06/15 00:32:18,24.9,39.4%,26.2
2018/06/15 00:37:18,24.8,39.4%,26.1
2018/06/15 00:42:18,24.8,39.4%,26.1
2018/06/15 00:47:18,24.8,39.4%,26.1
2018/06/15 00:52:18,24.8,39.4%,26.1
2018/06/15 00:57:19,24.9,39.5%,26.3
2018/06/15 01:02:19,24.9,39.5%,26.3
2018/06/15 01:07:19,24.8,39.4%,26.1
2018/06/15 01:12:19,24.9,39.5%,26.3
2018/06/15 01:17:19,24.8,39.4%,26.1
2018/06/15 01:22:19,24.8,39.4%,26.1
2018/06/15 01:27:19,24.8,39.4%,26.1
2018/06/15 01:32:19,24.8,39.4%,26.1
2018/06/15 01:37:19,24.8,39.4%,26.1
2018/06/15 01:42:19,24.8,39.4%,26.1
2018/06/15 01:47:19,24.8,39.4%,26.1
2018/06/15 01:52:19,24.8,39.4%,26.1
2018/06/15 01:57:19,24.8,39.4%,26.1
2018/06/15 02:02:19,24.9,39.5%,26.3
2018/06/15 02:07:19,24.8,39.4%,26.1
2018/06/15 02:12:19,24.8,39.4%,26.1
2018/06/15 02:17:19,24.8,39.4%,26.1
2018/06/15 02:22:19,24.8,39.4%,26.1
2018/06/15 02:27:19,24.8,39.4%,26.1
2018/06/15 02:32:19,24.8,39.4%,26.1
2018/06/15 02:37:19,24.8,39.4%,26.1
2018/06/15 02:42:19,24.8,39.4%,26.1
2018/06/15 02:47:19,24.8,39.4%,26.1
2018/06/15 02:52:19,24.8,39.5%,26.1
2018/06/15 02:57:19,24.8,39.5%,26.1
2018/06/15 03:02:19,24.8,39.5%,26.1
2018/06/15 03:07:19,24.8,39.5%,26.1
2018/06/15 03:12:19,24.8,39.5%,26.1
2018/06/15 03:17:20,24.8,39.5%,26.1
2018/06/15 03:22:20,24.8,39.5%,26.1
2018/06/15 03:27:20,24.8,39.5%,26.1
2018/06/15 03:32:20,24.8,39.5%,26.1
2018/06/15 03:37:20,24.8,39.6%,26.1
2018/06/15 03:42:20,24.8,39.6%,26.1
2018/06/15 03:47:20,24.8,39.6%,26.1
2018/06/15 03:52:20,24.8,39.6%,26.1
2018/06/15 03:57:20,24.8,39.6%,26.1
2018/06/15 04:02:20,24.8,39.6%,26.1
2018/06/15 04:07:20,24.8,39.7%,26.2
2018/06/15 04:12:20,24.8,39.7%,26.2
2018/06/15 04:17:20,24.8,39.7%,26.2
2018/06/15 04:22:20,24.7,39.6%,26.0
2018/06/15 04:27:20,24.7,39.6%,26.0
2018/06/15 04:32:20,24.7,39.6%,26.0
2018/06/15 04:37:20,24.8,39.7%,26.2
2018/06/15 04:42:20,24.8,39.8%,26.2
2018/06/15 04:47:20,24.7,39.6%,26.0
2018/06/15 04:52:20,24.8,39.8%,26.2
2018/06/15 04:57:20,24.8,39.8%,26.2
2018/06/15 05:02:20,24.8,39.8%,26.2
2018/06/15 05:07:20,24.8,39.8%,26.2
2018/06/15 05:12:20,24.8,39.7%,26.2
2018/06/15 05:17:20,24.8,39.8%,26.2
2018/06/15 05:22:20,24.8,39.8%,26.2
2018/06/15 05:27:21,24.8,39.8%,26.2
2018/06/15 05:32:21,24.8,39.8%,26.2
2018/06/15 05:37:21,24.8,39.8%,26.2
2018/06/15 05:42:21,24.8,39.8%,26.2
2018/06/15 05:47:21,24.8,39.8%,26.2
2018/06/15 05:52:21,24.8,39.8%,26.2
2018/06/15 05:57:21,24.8,39.8%,26.2
2018/06/15 06:02:21,24.8,39.9%,26.2
2018/06/15 06:07:21,24.8,39.9%,26.2
2018/06/15 06:12:21,24.8,39.9%,26.2
2018/06/15 06:17:21,24.8,39.9%,26.2
2018/06/15 06:22:21,24.8,39.9%,26.2
2018/06/15 06:27:21,24.8,39.9%,26.2
2018/06/15 06:32:21,24.8,39.9%,26.2
2018/06/15 06:37:21,24.8,39.9%,26.2
2018/06/15 06:42:21,24.8,39.9%,26.2
2018/06/15 06:47:21,24.8,39.9%,26.2
2018/06/15 06:52:21,24.8,39.9%,26.2
2018/06/15 06:57:21,24.8,39.9%,26.2
2018/06/15 07:02:21,24.8,39.9%,26.2
2018/06/15 07:07:21,24.8,39.9%,26.2
2018/06/15 07:12:21,24.8,39.9%,26.2
2018/06/15 07:17:21,24.8,39.9%,26.2
2018/06/15 07:22:21,24.8,39.9%,26.2
2018/06/15 07:27:21,24.8,39.9%,26.2
2018/06/15 07:32:22,24.8,39.9%,26.2
2018/06/15 07:37:22,24.8,39.9%,26.2
2018/06/15 07:42:22,24.8,39.9%,26.2
2018/06/15 07:47:22,24.8,39.9%,26.2
2018/06/15 07:52:22,24.8,39.9%,26.2
2018/06/15 07:57:22,24.8,39.9%,26.2
2018/06/15 08:02:22,24.8,39.9%,26.2
2018/06/15 08:07:22,24.8,39.9%,26.2
2018/06/15 08:12:22,24.8,39.9%,26.2
2018/06/15 08:17:22,24.8,39.9%,26.2
2018/06/15 08:22:22,24.8,39.9%,26.2
2018/06/15 08:27:22,24.8,39.9%,26.2
2018/06/15 08:32:22,24.8,39.9%,26.2
2018/06/15 08:37:22,24.8,39.8%,26.2
2018/06/15 08:42:22,24.8,39.8%,26.2
2018/06/15 08:47:22,24.8,39.9%,26.2
2018/06/15 08:52:22,24.8,39.8%,26.2
2018/06/15 08:57:22,24.8,39.8%,26.2
2018/06/15 09:02:22,24.8,39.8%,26.2
2018/06/15 09:07:22,24.8,39.8%,26.2
2018/06/15 09:12:22,24.8,39.8%,26.2
2018/06/15 09:17:22,24.8,39.8%,26.2
2018/06/15 09:22:22,24.8,39.8%,26.2
2018/06/15 09:27:22,24.8,39.8%,26.2
2018/06/15 09:32:22,24.8,39.8%,26.2
2018/06/15 09:37:22,24.8,39.8%,26.2
2018/06/15 09:42:23,24.8,39.8%,26.2
2018/06/15 09:47:23,24.8,39.8%,26.2
2018/06/15 09:52:23,24.9,39.9%,26.3
2018/06/15 09:57:23,24.8,39.8%,26.2
2018/06/15 10:02:23,24.8,39.8%,26.2
2018/06/15 10:07:23,24.8,39.8%,26.2
2018/06/15 10:12:23,24.8,39.8%,26.2
2018/06/15 10:17:23,24.8,39.8%,26.2
2018/06/15 10:22:23,24.8,39.8%,26.2
2018/06/15 10:27:23,24.8,39.8%,26.2
2018/06/15 10:32:23,24.8,39.8%,26.2
2018/06/15 10:37:23,24.8,39.8%,26.2
2018/06/15 10:42:23,24.8,39.7%,26.2
2018/06/15 10:47:23,24.8,39.8%,26.2
2018/06/15 10:52:23,24.8,39.7%,26.2
2018/06/15 10:57:23,24.8,39.8%,26.2
2018/06/15 11:02:23,24.8,39.8%,26.2
2018/06/15 11:07:23,24.8,39.7%,26.2
2018/06/15 11:12:23,24.8,39.7%,26.2
2018/06/15 11:17:23,24.8,39.7%,26.2
2018/06/15 11:22:23,24.8,39.7%,26.2
2018/06/15 11:27:23,24.8,39.7%,26.2
2018/06/15 11:32:24,24.8,39.7%,26.2
2018/06/15 11:37:24,24.8,39.7%,26.2
2018/06/15 11:42:24,24.8,39.7%,26.2
2018/06/15 11:47:24,24.8,39.7%,26.2
2018/06/15 11:52:24,24.8,39.7%,26.2
2018/06/15 11:57:24,24.8,39.7%,26.2
2018/06/15 12:02:24,24.8,39.7%,26.2
2018/06/15 12:07:24,24.8,39.7%,26.2
2018/06/15 12:12:24,24.8,39.7%,26.2
2018/06/15 12:17:24,24.8,39.7%,26.2
2018/06/15 12:22:24,24.8,39.7%,26.2
2018/06/15 12:27:24,24.8,39.7%,26.2
2018/06/15 12:37:28,28.5,33.8%,30.3
2018/06/15 12:42:28,28.5,33.9%,30.3
2018/06/15 12:47:28,28.5,33.9%,30.3
2018/06/15 12:52:28,28.5,33.9%,30.3
2018/06/15 12:57:28,28.5,33.9%,30.3
2018/06/15 13:02:28,28.5,33.9%,30.3
2018/06/15 13:07:28,28.5,33.9%,30.3
2018/06/15 13:12:28,28.5,33.8%,30.3
2018/06/15 13:17:28,28.5,33.9%,30.3
2018/06/15 13:22:28,28.5,33.9%,30.3
2018/06/15 13:27:28,28.5,33.9%,30.3
2018/06/15 13:32:28,28.5,33.9%,30.3
2018/06/15 13:37:28,28.5,33.9%,30.3
2018/06/15 13:42:28,28.5,33.9%,30.3
2018/06/15 13:47:28,28.5,33.9%,30.3
2018/06/15 13:52:28,28.5,33.9%,30.3
2018/06/15 13:57:28,28.5,33.9%,30.3
2018/06/15 14:02:28,28.5,33.9%,30.3
2018/06/15 14:07:28,28.5,33.9%,30.3
2018/06/15 14:12:28,28.5,33.9%,30.3
2018/06/15 14:17:28,28.5,33.9%,30.3
2018/06/15 14:22:28,28.5,33.9%,30.3
2018/06/15 14:27:28,28.5,33.9%,30.3
2018/06/15 14:32:28,28.5,33.9%,30.3
2018/06/15 14:37:28,28.5,33.9%,30.3
2018/06/15 14:42:28,28.5,33.9%,30.3
2018/06/15 14:47:29,28.5,33.9%,30.3
2018/06/15 14:52:29,28.5,33.9%,30.3
2018/06/15 14:57:29,28.5,33.9%,30.3
2018/06/15 15:02:29,28.6,33.9%,30.4
2018/06/15 15:07:29,28.5,33.9%,30.3
2018/06/15 15:12:29,28.5,33.9%,30.3
2018/06/15 15:17:29,28.5,33.9%,30.3
2018/06/15 15:22:29,28.5,33.8%,30.3
2018/06/15 15:27:29,28.5,33.8%,30.3
2018/06/15 15:32:29,28.5,33.8%,30.3
2018/06/15 15:37:29,28.5,33.9%,30.3
2018/06/15 15:42:29,28.6,33.9%,30.4
2018/06/15 15:47:29,28.6,33.9%,30.4
2018/06/15 15:52:29,28.5,33.8%,30.3
2018/06/15 15:57:29,28.6,33.9%,30.4
2018/06/15 16:02:29,28.5,33.8%,30.3
2018/06/15 16:07:29,28.5,33.8%,30.3
2018/06/15 16:12:29,28.6,33.9%,30.4
2018/06/15 16:17:29,28.6,33.9%,30.4
2018/06/15 16:22:29,28.5,33.8%,30.3
2018/06/15 16:27:29,28.6,33.9%,30.4
2018/06/15 16:32:29,28.5,33.8%,30.3
2018/06/15 16:37:29,28.5,33.8%,30.3
2018/06/15 16:42:29,28.6,33.9%,30.4
2018/06/15 16:47:29,28.6,33.9%,30.4
2018/06/15 16:52:29,28.6,33.9%,30.4
2018/06/15 16:57:29,28.5,33.8%,30.3
2018/06/15 17:02:29,28.5,33.8%,30.3
2018/06/15 17:07:30,28.6,33.9%,30.4
2018/06/15 17:12:30,28.6,33.9%,30.4
2018/06/15 17:17:30,28.6,33.9%,30.4
2018/06/15 17:22:30,28.5,33.8%,30.3
2018/06/15 17:27:30,28.6,33.9%,30.4
2018/06/15 17:32:30,28.5,33.8%,30.3
2018/06/15 17:37:30,28.6,33.9%,30.4
2018/06/15 17:42:30,28.6,33.9%,30.4
2018/06/15 17:47:30,28.6,33.9%,30.4
2018/06/15 17:52:30,28.6,33.9%,30.4
2018/06/15 17:57:30,28.5,33.8%,30.3
2018/06/15 18:02:30,28.6,33.9%,30.4
2018/06/15 18:07:30,28.6,33.9%,30.4
2018/06/15 18:12:30,28.6,33.9%,30.4
2018/06/15 18:17:30,28.5,33.8%,30.3
2018/06/15 18:22:30,28.6,33.9%,30.4
2018/06/15 18:27:30,28.6,33.9%,30.4
2018/06/15 18:32:30,28.5,33.8%,30.3
2018/06/15 18:37:30,28.5,33.8%,30.3
2018/06/15 18:42:30,28.5,33.8%,30.3
2018/06/15 18:47:30,28.6,33.9%,30.4
2018/06/15 18:52:30,28.5,33.8%,30.3
2018/06/15 18:57:30,28.5,33.8%,30.3
2018/06/15 19:02:30,28.5,33.8%,30.3
2018/06/15 19:07:31,28.5,33.8%,30.3
2018/06/15 19:12:31,28.5,33.8%,30.3
2018/06/15 19:17:31,28.5,33.8%,30.3
2018/06/15 19:22:31,28.5,33.8%,30.3
2018/06/15 19:27:31,28.5,33.8%,30.3
2018/06/15 19:32:31,28.5,33.8%,30.3
2018/06/15 19:37:31,28.5,33.8%,30.3
2018/06/15 19:42:31,28.5,33.8%,30.3
2018/06/15 19:47:31,28.5,33.8%,30.3
2018/06/15 19:52:31,28.5,33.8%,30.3
2018/06/15 19:57:31,28.5,33.8%,30.3
2018/06/15 20:02:31,28.5,33.8%,30.3
2018/06/15 20:07:31,28.5,33.9%,30.3
2018/06/15 20:12:31,28.5,33.9%,30.3
2018/06/15 20:17:31,28.5,33.9%,30.3
2018/06/15 20:22:31,28.5,33.9%,30.3
2018/06/15 20:27:31,28.5,33.9%,30.3
2018/06/15 20:32:31,28.5,33.9%,30.3
2018/06/15 20:37:31,28.5,33.9%,30.3
2018/06/15 20:42:31,28.5,33.9%,30.3
2018/06/15 20:47:31,28.5,33.9%,30.3
2018/06/15 20:52:31,28.5,33.9%,30.3
2018/06/15 20:57:31,28.5,33.9%,30.3
2018/06/15 21:02:31,28.5,33.9%,30.3
2018/06/15 21:07:31,28.5,33.9%,30.3
2018/06/15 21:12:31,28.5,33.9%,30.3
2018/06/15 21:17:31,28.5,33.9%,30.3
2018/06/15 21:22:31,28.5,33.9%,30.3
2018/06/15 21:27:32,28.5,33.9%,30.3
2018/06/15 21:32:32,28.5,33.9%,30.3
2018/06/15 21:37:32,28.5,33.9%,30.3
2018/06/15 21:42:32,28.5,33.9%,30.3
2018/06/15 21:47:32,28.5,33.9%,30.3
2018/06/15 21:52:32,28.5,33.9%,30.3
2018/06/15 21:57:32,28.5,33.9%,30.3
2018/06/15 22:02:32,28.5,33.9%,30.3
2018/06/15 22:07:32,28.5,33.9%,30.3
2018/06/15 22:12:32,28.5,33.9%,30.3
2018/06/15 22:17:32,28.5,33.9%,30.3
2018/06/15 22:22:32,28.5,33.9%,30.3
2018/06/15 22:27:32,28.5,33.9%,30.3
2018/06/15 22:32:32,28.5,33.9%,30.3
2018/06/15 22:37:32,28.5,33.9%,30.3
2018/06/15 22:42:32,28.5,33.9%,30.3
2018/06/15 22:47:32,28.5,33.9%,30.3
2018/06/15 22:52:32,28.5,33.9%,30.3
2018/06/15 22:57:32,28.5,33.9%,30.3
2018/06/15 23:02:32,28.5,33.9%,30.3
2018/06/15 23:07:32,28.5,33.9%,30.3
2018/06/15 23:12:32,28.5,33.9%,30.3
2018/06/15 23:17:32,28.5,33.9%,30.3
2018/06/15 23:22:32,28.5,33.9%,30.3
2018/06/15 23:27:32,28.5,33.9%,30.3
2018/06/15 23:32:32,28.5,33.9%,30.3
2018/06/15 23:37:32,28.5,33.9%,30.3
2018/06/15 23:42:32,28.5,33.9%,30.3
2018/06/15 23:47:33,28.5,33.9%,30.3
2018/06/15 23:52:33,28.5,33.9%,30.3
2018/06/15 23:57:33,28.5,33.9%,30.3
2018/06/16 00:02:33,28.5,34.0%,30.3
2018/06/16 00:07:33,28.5,33.9%,30.3
2018/06/16 00:12:33,28.5,34.0%,30.3
2018/06/16 00:17:33,28.5,33.9%,30.3
2018/06/16 00:22:33,28.5,33.9%,30.3
2018/06/16 00:27:33,28.5,33.9%,30.3
2018/06/16 00:32:33,28.5,34.0%,30.3
2018/06/16 00:37:33,28.6,34.0%,30.5
2018/06/16 00:42:33,28.5,33.9%,30.3
2018/06/16 00:47:33,28.5,34.0%,30.3
2018/06/16 00:57:37,23.7,44.9%,25.5
2018/06/16 01:02:38,23.7,44.9%,25.5
2018/06/16 01:07:38,23.7,44.9%,25.5
2018/06/16 01:12:38,23.7,44.9%,25.5
2018/06/16 01:17:38,23.7,44.9%,25.5
2018/06/16 01:22:38,23.7,44.9%,25.5
2018/06/16 01:27:38,23.7,44.9%,25.5
2018/06/16 01:32:38,23.7,44.9%,25.5
2018/06/16 01:37:38,23.7,45.0%,25.5
2018/06/16 01:42:38,23.7,45.0%,25.5
2018/06/16 01:47:38,23.7,45.0%,25.5
2018/06/16 01:52:38,23.7,45.0%,25.5
2018/06/16 01:57:38,23.7,45.0%,25.5
2018/06/16 02:02:38,23.7,45.0%,25.5
2018/06/16 02:07:38,23.7,45.0%,25.5
2018/06/16 02:12:38,23.6,44.9%,25.3
2018/06/16 02:17:38,23.7,45.0%,25.5
2018/06/16 02:22:38,23.7,45.0%,25.5
2018/06/16 02:27:38,23.6,44.9%,25.3
2018/06/16 02:32:38,23.7,45.0%,25.5
2018/06/16 02:37:38,23.6,44.9%,25.3
2018/06/16 02:42:38,23.6,44.9%,25.3
2018/06/16 02:47:38,23.7,45.0%,25.5
2018/06/16 02:52:38,23.7,45.0%,25.5
2018/06/16 02:57:38,23.6,44.9%,25.3
2018/06/16 03:07:42,22.9,47.3%,24.7
2018/06/16 03:12:42,22.9,47.3%,24.7
2018/06/16 03:17:42,22.8,47.3%,24.6
2018/06/16 03:22:42,22.9,47.3%,24.7
2018/06/16 03:27:42,22.9,47.3%,24.7
2018/06/16 03:32:42,22.8,47.3%,24.6
2018/06/16 03:37:42,22.9,47.3%,24.7
2018/06/16 03:42:42,22.8,47.3%,24.6
2018/06/16 03:47:42,22.8,47.3%,24.6
2018/06/16 03:52:42,22.8,47.3%,24.6
2018/06/16 03:57:42,22.9,47.4%,24.7
2018/06/16 04:02:42,22.8,47.3%,24.6
2018/06/16 04:07:42,22.8,47.3%,24.6
2018/06/16 04:12:42,22.8,47.3%,24.6
2018/06/16 04:17:42,22.8,47.3%,24.6
2018/06/16 04:22:42,22.8,47.3%,24.6
2018/06/16 04:27:43,22.8,47.3%,24.6
2018/06/16 04:32:43,22.8,47.4%,24.6
2018/06/16 04:37:43,22.9,47.4%,24.7
2018/06/16 04:42:43,22.8,47.3%,24.6
2018/06/16 04:47:43,22.8,47.4%,24.6
2018/06/16 04:52:43,22.8,47.4%,24.6
2018/06/16 04:57:43,22.8,47.4%,24.6
2018/06/16 05:02:43,22.8,47.4%,24.6
2018/06/16 05:07:43,22.8,47.4%,24.6
2018/06/16 05:12:43,22.8,47.4%,24.6
2018/06/16 05:17:43,22.8,47.4%,24.6
2018/06/16 05:22:43,22.8,47.4%,24.6
2018/06/16 05:27:43,22.8,47.3%,24.6
2018/06/16 05:32:43,22.8,47.3%,24.6
2018/06/16 05:37:43,22.8,47.3%,24.6
2018/06/16 05:42:43,22.9,47.4%,24.7
2018/06/16 05:47:43,22.9,47.4%,24.7
2018/06/16 05:52:43,22.9,47.4%,24.7
2018/06/16 05:57:43,22.9,47.4%,24.7
2018/06/16 06:02:43,22.9,47.4%,24.7
2018/06/16 06:07:43,22.9,47.4%,24.7
2018/06/16 06:12:43,22.9,47.5%,24.7
2018/06/16 06:17:43,22.9,47.4%,24.7
2018/06/16 06:22:43,22.9,47.4%,24.7
2018/06/16 06:27:43,22.9,47.5%,24.7
2018/06/16 06:32:43,22.9,47.5%,24.7
2018/06/16 06:37:43,22.9,47.5%,24.7
2018/06/16 06:42:43,22.9,47.5%,24.7
2018/06/16 06:47:43,22.9,47.5%,24.7
2018/06/16 06:52:43,22.9,47.5%,24.7
2018/06/16 06:57:43,22.9,47.5%,24.7
2018/06/16 07:02:43,22.9,47.5%,24.7
2018/06/16 07:07:43,22.9,47.5%,24.7
2018/06/16 07:12:44,22.9,47.6%,24.7
2018/06/16 07:17:44,22.9,47.6%,24.7
2018/06/16 07:22:44,22.9,47.6%,24.7
2018/06/16 07:27:44,22.9,47.6%,24.7
2018/06/16 07:32:44,22.9,47.6%,24.7
2018/06/16 07:37:44,22.9,47.7%,24.8
2018/06/16 07:42:44,22.9,47.7%,24.8
2018/06/16 07:47:44,22.9,47.7%,24.8
2018/06/16 07:52:44,22.9,47.7%,24.8
2018/06/16 07:57:44,22.9,47.7%,24.8
2018/06/16 08:02:44,22.9,47.7%,24.8
2018/06/16 08:07:44,22.9,47.7%,24.8
2018/06/16 08:12:44,22.9,47.8%,24.8
2018/06/16 08:17:44,22.9,47.8%,24.8
2018/06/16 08:22:44,22.9,47.8%,24.8
2018/06/16 08:27:44,22.9,47.8%,24.8
2018/06/16 08:32:44,22.9,47.8%,24.8
2018/06/16 08:37:44,22.8,47.7%,24.6
2018/06/16 08:42:44,22.9,47.8%,24.8
2018/06/16 08:47:44,22.9,47.8%,24.8
2018/06/16 08:52:44,22.8,47.8%,24.6
2018/06/16 08:57:44,22.9,47.8%,24.8
2018/06/16 09:02:44,22.9,47.9%,24.8
2018/06/16 09:07:44,22.9,47.9%,24.8
2018/06/16 09:12:44,22.9,47.9%,24.8
2018/06/16 09:17:44,22.9,47.9%,24.8
2018/06/16 09:22:44,22.8,47.8%,24.6
2018/06/16 09:27:44,22.9,47.9%,24.8
2018/06/16 09:32:44,22.9,47.9%,24.8
2018/06/16 09:37:45,22.9,47.9%,24.8
2018/06/16 09:42:45,22.9,47.9%,24.8
2018/06/16 09:47:45,22.9,47.9%,24.8
2018/06/16 09:52:45,22.9,47.9%,24.8
2018/06/16 09:57:45,22.9,47.9%,24.8
2018/06/16 10:02:45,22.9,47.9%,24.8
2018/06/16 10:07:45,22.9,47.9%,24.8
2018/06/16 10:12:45,22.9,47.9%,24.8
2018/06/16 10:17:45,22.9,47.9%,24.8
2018/06/16 10:22:45,22.9,47.9%,24.8
2018/06/16 10:27:45,22.9,47.9%,24.8
2018/06/16 10:32:45,22.9,47.9%,24.8
2018/06/16 10:37:45,22.9,47.9%,24.8
2018/06/16 10:42:45,22.9,47.9%,24.8
2018/06/16 10:47:45,22.9,48.0%,24.8
2018/06/16 10:52:45,22.9,48.0%,24.8
2018/06/16 10:57:45,22.9,48.0%,24.8
2018/06/16 11:02:45,22.9,48.0%,24.8
2018/06/16 11:07:45,22.9,48.0%,24.8
2018/06/16 11:12:45,22.9,48.0%,24.8
2018/06/16 11:17:45,22.9,48.0%,24.8
2018/06/16 11:22:45,22.9,48.0%,24.8
2018/06/16 11:27:45,22.9,48.0%,24.8
2018/06/16 11:32:45,22.9,48.0%,24.8
2018/06/16 11:37:45,22.9,48.0%,24.8
2018/06/16 11:42:45,22.9,48.0%,24.8
2018/06/16 11:52:49,27.5,35.7%,29.2
2018/06/16 11:57:49,27.5,35.7%,29.2
2018/06/16 12:02:49,27.5,35.7%,29.2
2018/06/16 12:07:49,27.5,35.7%,29.2
2018/06/16 12:12:49,27.5,35.7%,29.2
2018/06/16 12:17:49,27.5,35.7%,29.2
2018/06/16 12:22:49,27.5,35.7%,29.2
2018/06/16 12:27:49,27.5,35.7%,29.2
2018/06/16 12:32:49,27.5,35.6%,29.2
2018/06/16 12:37:49,27.5,35.6%,29.2
2018/06/16 12:42:49,27.5,35.7%,29.2
2018/06/16 12:47:49,27.5,35.7%,29.2
2018/06/16 12:52:49,27.5,35.7%,29.2
2018/06/16 12:57:49,27.5,35.7%,29.2
2018/06/16 13:02:49,27.5,35.6%,29.2
2018/06/16 13:07:49,27.5,35.7%,29.2
2018/06/16 13:12:49,27.5,35.7%,29.2
2018/06/16 13:17:50,27.5,35.7%,29.2
2018/06/16 13:22:50,27.5,35.6%,29.2
2018/06/16 13:27:50,27.5,35.7%,29.2
2018/06/16 13:32:50,27.5,35.6%,29.2
2018/06/16 13:37:50,27.5,35.6%,29.2
2018/06/16 13:42:50,27.5,35.6%,29.2
2018/06/16 13:47:50,27.5,35.6%,29.2
2018/06/16 13:52:50,27.5,35.6%,29.2
2018/06/16 13:57:50,27.5,35.6%,29.2
2018/06/16 14:02:50,27.5,35.6%,29.2
2018/06/16 14:07:50,27.5,35.7%,29.2
2018/06/16 14:17:53,28.3,34.4%,30.1
2018/06/16 14:22:54,28.3,34.5%,30.1
2018/06/16 14:27:54,28.3,34.5%,30.1
2018/06/16 14:32:54,28.3,34.4%,30.1
2018/06/16 14:37:54,28.3,34.5%,30.1
2018/06/16 14:42:54,28.3,34.5%,30.1
2018/06/16 14:47:54,28.3,34.4%,30.1
2018/06/16 14:52:54,28.4,34.5%,30.3
2018/06/16 14:57:54,28.3,34.4%,30.1
2018/06/16 15:02:54,28.3,34.4%,30.1
2018/06/16 15:07:54,28.3,34.4%,30.1
2018/06/16 15:12:54,28.4,34.4%,30.3
2018/06/16 15:17:54,28.4,34.4%,30.3
2018/06/16 15:22:54,28.3,34.4%,30.1
2018/06/16 15:27:54,28.3,34.4%,30.1
2018/06/16 15:32:54,28.4,34.4%,30.3
2018/06/16 15:37:54,28.4,34.4%,30.3
2018/06/16 15:42:54,28.4,34.4%,30.3
2018/06/16 15:47:54,28.4,34.4%,30.3
2018/06/16 15:52:54,28.4,34.4%,30.3
2018/06/16 15:57:54,28.4,34.4%,30.3
2018/06/16 16:02:54,28.4,34.4%,30.3
2018/06/16 16:07:54,28.4,34.4%,30.3
2018/06/16 16:12:54,28.4,34.4%,30.3
2018/06/16 16:17:54,28.4,34.3%,30.2
2018/06/16 16:22:54,28.4,34.4%,30.3
2018/06/16 16:27:54,28.4,34.3%,30.2
2018/06/16 16:32:54,28.4,34.3%,30.2
2018/06/16 16:37:54,28.4,34.4%,30.3
2018/06/16 16:42:55,28.4,34.3%,30.2
2018/06/16 16:47:55,28.4,34.3%,30.2
2018/06/16 16:52:55,28.4,34.3%,30.2
2018/06/16 16:57:55,28.4,34.3%,30.2
2018/06/16 17:02:55,28.4,34.3%,30.2
2018/06/16 17:07:55,28.4,34.3%,30.2
2018/06/16 17:12:55,28.4,34.3%,30.2
2018/06/16 17:17:55,28.4,34.3%,30.2
2018/06/16 17:27:58,30.0,29.4%,31.4
2018/06/16 17:32:58,30.0,29.4%,31.4
2018/06/16 17:37:58,30.0,29.4%,31.4
2018/06/16 17:42:58,30.0,29.4%,31.4
2018/06/16 17:47:58,30.0,29.4%,31.4
2018/06/16 17:52:59,30.0,29.4%,31.4
2018/06/16 17:57:59,30.0,29.4%,31.4
2018/06/16 18:02:59,30.0,29.4%,31.4
2018/06/16 18:07:59,30.0,29.4%,31.4
2018/06/16 18:12:59,30.0,29.4%,31.4
2018/06/16 18:17:59,30.0,29.4%,31.4
2018/06/16 18:22:59,30.0,29.4%,31.4
2018/06/16 18:27:59,30.0,29.4%,31.4
2018/06/16 18:32:59,30.0,29.4%,31.4
2018/06/16 18:37:59,30.0,29.4%,31.4
2018/06/16 18:42:59,30.0,29.4%,31.4
2018/06/16 18:47:59,30.0,29.4%,31.4
2018/06/16 18:52:59,30.0,29.4%,31.4
2018/06/16 18:57:59,30.0,29.4%,31.4
2018/06/16 19:02:59,30.0,29.4%,31.4
2018/06/16 19:07:59,30.0,29.4%,31.4
2018/06/16 19:12:59,30.0,29.4%,31.4
2018/06/16 19:17:59,30.0,29.4%,31.4
2018/06/16 19:22:59,30.0,29.4%,31.4
2018/06/16 19:27:59,30.0,29.4%,31.4
2018/06/16 19:32:59,30.0,29.4%,31.4
2018/06/16 19:37:59,30.0,29.4%,31.4
2018/06/16 19:42:59,30.0,29.4%,31.4
2018/06/16 19:47:59,30.0,29.4%,31.4
2018/06/16 19:52:59,30.0,29.4%,31.4
2018/06/16 19:57:59,30.0,29.4%,31.4
2018/06/16 20:02:59,30.0,29.4%,31.4
2018/06/16 20:07:59,30.0,29.4%,31.4
2018/06/16 20:12:59,30.0,29.4%,31.4
2018/06/16 20:17:59,30.0,29.4%,31.4
2018/06/16 20:22:59,30.0,29.4%,31.4
2018/06/16 20:27:59,30.0,29.4%,31.4
2018/06/16 20:32:59,30.0,29.4%,31.4
2018/06/16 20:38:00,30.0,29.5%,31.4
2018/06/16 20:43:00,30.0,29.4%,31.4
2018/06/16 20:48:00,30.0,29.5%,31.4
2018/06/16 20:53:00,30.0,29.5%,31.4
2018/06/16 20:58:00,30.0,29.5%,31.4
2018/06/16 21:03:00,30.0,29.5%,31.4
2018/06/16 21:08:00,30.0,29.5%,31.4
2018/06/16 21:13:00,30.0,29.5%,31.4
2018/06/16 21:18:00,30.0,29.5%,31.4
2018/06/16 21:23:00,30.0,29.5%,31.4
2018/06/16 21:28:00,30.0,29.5%,31.4
2018/06/16 21:33:00,30.0,29.5%,31.4
2018/06/16 21:38:00,30.0,29.5%,31.4
2018/06/16 21:43:00,30.0,29.5%,31.4
2018/06/16 21:48:00,30.0,29.5%,31.4
2018/06/16 21:53:00,30.0,29.5%,31.4
2018/06/16 21:58:00,30.0,29.5%,31.4
2018/06/16 22:03:00,30.0,29.5%,31.4
2018/06/16 22:08:00,30.0,29.4%,31.4
2018/06/16 22:13:00,30.0,29.5%,31.4
2018/06/16 22:18:00,30.0,29.5%,31.4
2018/06/16 22:23:00,30.0,29.5%,31.4
2018/06/16 22:28:00,30.0,29.5%,31.4
2018/06/16 22:33:00,30.0,29.5%,31.4
2018/06/16 22:38:00,30.0,29.5%,31.4
2018/06/16 22:43:00,30.0,29.5%,31.4
2018/06/16 22:48:00,30.0,29.5%,31.4
2018/06/16 22:53:00,30.0,29.5%,31.4
2018/06/16 22:58:00,30.0,29.5%,31.4
2018/06/16 23:03:00,30.0,29.5%,31.4
2018/06/16 23:08:00,30.0,29.5%,31.4
2018/06/16 23:13:01,30.0,29.4%,31.4
2018/06/16 23:18:01,30.0,29.5%,31.4
2018/06/16 23:23:01,30.0,29.5%,31.4
2018/06/16 23:28:01,30.0,29.5%,31.4
2018/06/16 23:33:01,30.0,29.5%,31.4
2018/06/16 23:38:01,30.0,29.5%,31.4
2018/06/16 23:43:01,30.0,29.5%,31.4
2018/06/16 23:48:01,30.0,29.5%,31.4
2018/06/16 23:53:01,30.0,29.5%,31.4
2018/06/16 23:58:01,30.0,29.5%,31.4
2018/06/17 00:03:01,30.0,29.5%,31.4
2018/06/17 00:08:01,30.0,29.5%,31.4
2018/06/17 00:13:01,30.0,29.5%,31.4
2018/06/17 00:18:01,30.0,29.5%,31.4
2018/06/17 00:23:01,30.0,29.5%,31.4
2018/06/17 00:28:01,30.0,29.5%,31.4
2018/06/17 00:33:01,30.0,29.4%,31.4
2018/06/17 00:38:01,30.0,29.5%,31.4
2018/06/17 00:43:01,30.0,29.4%,31.4
2018/06/17 00:48:01,30.0,29.4%,31.4
2018/06/17 00:53:01,30.0,29.4%,31.4
2018/06/17 00:58:01,30.0,29.4%,31.4
2018/06/17 01:03:01,30.0,29.4%,31.4
2018/06/17 01:08:01,30.0,29.5%,31.4
2018/06/17 01:13:01,30.0,29.5%,31.4
2018/06/17 01:18:01,30.0,29.4%,31.4
2018/06/17 01:23:01,30.0,29.5%,31.4
2018/06/17 01:28:01,30.0,29.5%,31.4
2018/06/17 01:33:01,30.0,29.5%,31.4
2018/06/17 01:38:01,30.0,29.5%,31.4
2018/06/17 01:43:01,30.0,29.5%,31.4
2018/06/17 01:48:01,30.0,29.5%,31.4
2018/06/17 01:53:02,30.0,29.5%,31.4
2018/06/17 01:58:02,30.0,29.5%,31.4
2018/06/17 02:03:02,30.0,29.5%,31.4
2018/06/17 02:08:02,30.0,29.5%,31.4
2018/06/17 02:13:02,30.0,29.4%,31.4
2018/06/17 02:18:02,30.0,29.4%,31.4
2018/06/17 02:23:02,30.0,29.4%,31.4
2018/06/17 02:28:02,30.0,29.4%,31.4
2018/06/17 02:33:02,30.0,29.4%,31.4
2018/06/17 02:38:02,30.0,29.4%,31.4
2018/06/17 02:43:02,30.0,29.4%,31.4
2018/06/17 02:48:02,30.0,29.4%,31.4
2018/06/17 02:53:02,30.0,29.4%,31.4
2018/06/17 02:58:02,30.0,29.4%,31.4
2018/06/17 03:03:02,30.0,29.4%,31.4
2018/06/17 03:08:02,30.0,29.4%,31.4
2018/06/17 03:13:02,30.0,29.4%,31.4
2018/06/17 03:18:02,30.0,29.4%,31.4
2018/06/17 03:23:02,30.0,29.4%,31.4
2018/06/17 03:28:02,30.0,29.4%,31.4
2018/06/17 03:33:02,30.0,29.4%,31.4
2018/06/17 03:38:02,30.0,29.4%,31.4
2018/06/17 03:43:02,30.0,29.4%,31.4
2018/06/17 03:48:02,30.0,29.4%,31.4
2018/06/17 03:53:02,30.0,29.4%,31.4
2018/06/17 03:58:02,30.0,29.4%,31.4
2018/06/17 04:03:02,30.0,29.4%,31.4
2018/06/17 04:08:02,30.0,29.4%,31.4
2018/06/17 04:13:02,30.0,29.4%,31.4
2018/06/17 04:18:02,30.0,29.5%,31.4
2018/06/17 04:23:02,30.0,29.4%,31.4
2018/06/17 04:28:03,30.0,29.4%,31.4
2018/06/17 04:33:03,29.9,29.4%,31.2
2018/06/17 04:38:03,30.0,29.4%,31.4
2018/06/17 04:43:03,30.0,29.4%,31.4
2018/06/17 04:48:03,30.0,29.4%,31.4
2018/06/17 04:53:03,30.0,29.4%,31.4
2018/06/17 04:58:03,30.0,29.4%,31.4
2018/06/17 05:03:03,30.0,29.5%,31.4
2018/06/17 05:08:03,30.0,29.5%,31.4
2018/06/17 05:13:03,30.0,29.5%,31.4
2018/06/17 05:18:03,30.0,29.5%,31.4
2018/06/17 05:23:03,30.0,29.5%,31.4
2018/06/17 05:28:03,30.0,29.4%,31.4
2018/06/17 05:33:03,30.0,29.5%,31.4
2018/06/17 05:38:03,30.0,29.4%,31.4
2018/06/17 05:43:03,30.0,29.4%,31.4
2018/06/17 05:48:03,30.0,29.4%,31.4
2018/06/17 05:53:03,30.0,29.4%,31.4
2018/06/17 05:58:03,30.0,29.4%,31.4
2018/06/17 06:03:03,30.0,29.4%,31.4
2018/06/17 06:08:03,30.0,29.4%,31.4
2018/06/17 06:13:03,30.0,29.4%,31.4
2018/06/17 06:18:03,29.9,29.4%,31.2
2018/06/17 06:23:03,29.9,29.4%,31.2
2018/06/17 06:28:03,29.9,29.4%,31.2
2018/06/17 06:33:03,29.9,29.4%,31.2
2018/06/17 06:38:03,29.9,29.4%,31.2
2018/06/17 06:43:03,30.0,29.4%,31.4
2018/06/17 06:48:03,30.0,29.4%,31.4
2018/06/17 06:53:04,30.0,29.4%,31.4
2018/06/17 06:58:04,30.0,29.4%,31.4
2018/06/17 07:03:04,30.0,29.5%,31.4
2018/06/17 07:13:07,25.9,42.2%,28.2
2018/06/17 07:18:07,25.9,42.2%,28.2
2018/06/17 07:23:07,25.9,42.2%,28.2
2018/06/17 07:28:07,25.9,42.2%,28.2
2018/06/17 07:33:07,25.9,42.2%,28.2
2018/06/17 07:38:07,25.9,42.2%,28.2
2018/06/17 07:43:07,25.9,42.2%,28.2
2018/06/17 07:48:07,25.9,42.2%,28.2
2018/06/17 07:53:07,25.9,42.2%,28.2
2018/06/17 07:58:07,25.9,42.2%,28.2
2018/06/17 08:03:07,25.9,42.2%,28.2
2018/06/17 08:08:08,25.9,42.2%,28.2
2018/06/17 08:13:08,25.9,42.2%,28.2
2018/06/17 08:18:08,25.9,42.2%,28.2
2018/06/17 08:23:08,25.9,42.2%,28.2
2018/06/17 08:28:08,25.9,42.2%,28.2
2018/06/17 08:33:08,25.9,42.2%,28.2
2018/06/17 08:38:08,25.9,42.1%,28.2
2018/06/17 08:43:08,25.9,42.2%,28.2
2018/06/17 08:48:08,25.9,42.1%,28.2
2018/06/17 08:53:08,25.9,42.1%,28.2
2018/06/17 08:58:08,25.9,42.1%,28.2
2018/06/17 09:03:08,25.9,42.1%,28.2
2018/06/17 09:13:12,27.3,38.7%,29.6
2018/06/17 09:18:12,27.3,38.7%,29.6
2018/06/17 09:23:12,27.3,38.7%,29.6
2018/06/17 09:28:12,27.3,38.7%,29.6
2018/06/17 09:33:12,27.3,38.7%,29.6
2018/06/17 09:38:12,27.3,38.7%,29.6
2018/06/17 09:43:12,27.3,38.7%,29.6
2018/06/17 09:48:12,27.3,38.7%,29.6
2018/06/17 09:53:12,27.3,38.7%,29.6
2018/06/17 09:58:12,27.4,38.8%,29.7
2018/06/17 10:03:12,27.3,38.7%,29.6
2018/06/17 10:08:12,27.3,38.7%,29.6
2018/06/17 10:13:12,27.3,38.7%,29.6
2018/06/17 10:18:12,27.3,38.7%,29.6
2018/06/17 10:23:12,27.4,38.7%,29.7
2018/06/17 10:28:12,27.3,38.7%,29.6
2018/06/17 10:33:12,27.3,38.7%,29.6
2018/06/17 10:38:12,27.3,38.7%,29.6
2018/06/17 10:43:12,27.4,38.8%,29.7
2018/06/17 10:48:12,27.4,38.8%,29.7
2018/06/17 10:53:12,27.3,38.7%,29.6
2018/06/17 10:58:12,27.4,38.8%,29.7
2018/06/17 11:03:12,27.4,38.8%,29.7
2018/06/17 11:08:12,27.4,38.8%,29.7
2018/06/17 11:13:12,27.4,38.8%,29.7
2018/06/17 11:18:12,27.4,38.8%,29.7
2018/06/17 11:23:12,27.4,38.8%,29.7
2018/06/17 11:28:12,27.4,38.8%,29.7
2018/06/17 11:33:12,27.4,38.7%,29.7
2018/06/17 11:38:13,27.4,38.8%,29.7
2018/06/17 11:43:13,27.4,38.7%,29.7
2018/06/17 11:48:13,27.4,38.7%,29.7
2018/06/17 11:53:13,27.4,38.7%,29.7
2018/06/17 11:58:13,27.4,38.7%,29.7
2018/06/17 12:03:13,27.4,38.7%,29.7
2018/06/17 12:08:13,27.3,38.7%,29.6
2018/06/17 12:13:13,27.4,38.7%,29.7
2018/06/17 12:18:13,27.4,38.7%,29.7
2018/06/17 12:23:13,27.4,38.7%,29.7
2018/06/17 12:28:13,27.3,38.7%,29.6
2018/06/17 12:33:13,27.3,38.7%,29.6
2018/06/17 12:38:13,27.4,38.7%,29.7
2018/06/17 12:43:13,27.4,38.7%,29.7
2018/06/17 12:48:13,27.4,38.7%,29.7
2018/06/17 12:53:13,27.4,38.7%,29.7
2018/06/17 12:58:13,27.4,38.7%,29.7
2018/06/17 13:03:13,27.4,38.7%,29.7
2018/06/17 13:08:13,27.4,38.7%,29.7
2018/06/17 13:18:17,28.9,36.8%,31.5
2018/06/17 13:23:17,28.9,36.8%,31.5
2018/06/17 13:28:17,28.9,36.8%,31.5
